concept_id_1	concept_id_2	relationship_id	valid_start_date	valid_end_date	invalid_reason
2000000002	2000000002	Mapped from	1970-01-01	2099-12-31	
2000000002	2000000002	Maps to	1970-01-01	2099-12-31	
2000000003	2000000003	Mapped from	1970-01-01	2099-12-31	
2000000003	2000000003	Maps to	1970-01-01	2099-12-31	
2000000004	2000000004	Mapped from	1970-01-01	2099-12-31	
2000000004	2000000004	Maps to	1970-01-01	2099-12-31	
2000000005	2000000005	Mapped from	1970-01-01	2099-12-31	
2000000005	2000000005	Maps to	1970-01-01	2099-12-31	
2000000006	2000000006	Mapped from	1970-01-01	2099-12-31	
2000000006	2000000006	Maps to	1970-01-01	2099-12-31	
2000000007	2000000007	Mapped from	1970-01-01	2099-12-31	
2000000007	2000000007	Maps to	1970-01-01	2099-12-31	
2000000008	2000000008	Mapped from	1970-01-01	2099-12-31	
2000000008	2000000008	Maps to	1970-01-01	2099-12-31	
2000000009	2000000009	Mapped from	1970-01-01	2099-12-31	
2000000009	2000000009	Maps to	1970-01-01	2099-12-31	
2000000010	2000000010	Mapped from	1970-01-01	2099-12-31	
2000000010	2000000010	Maps to	1970-01-01	2099-12-31	
2000000011	2000000011	Mapped from	1970-01-01	2099-12-31	
2000000011	2000000011	Maps to	1970-01-01	2099-12-31	
2000000012	2000000012	Mapped from	1970-01-01	2099-12-31	
2000000012	2000000012	Maps to	1970-01-01	2099-12-31	
2000000013	2000000013	Mapped from	1970-01-01	2099-12-31	
2000000013	2000000013	Maps to	1970-01-01	2099-12-31	
2000000014	2000000014	Mapped from	1970-01-01	2099-12-31	
2000000014	2000000014	Maps to	1970-01-01	2099-12-31	
2000000015	2000000015	Mapped from	1970-01-01	2099-12-31	
2000000015	2000000015	Maps to	1970-01-01	2099-12-31	
2000000016	2000000016	Mapped from	1970-01-01	2099-12-31	
2000000016	2000000016	Maps to	1970-01-01	2099-12-31	
2000000017	2000000017	Mapped from	1970-01-01	2099-12-31	
2000000017	2000000017	Maps to	1970-01-01	2099-12-31	
2000000018	2000000018	Mapped from	1970-01-01	2099-12-31	
2000000018	2000000018	Maps to	1970-01-01	2099-12-31	
2000000019	2000000019	Mapped from	1970-01-01	2099-12-31	
2000000019	2000000019	Maps to	1970-01-01	2099-12-31	
2000000020	2000000020	Mapped from	1970-01-01	2099-12-31	
2000000020	2000000020	Maps to	1970-01-01	2099-12-31	
2000000021	2000000021	Mapped from	1970-01-01	2099-12-31	
2000000021	2000000021	Maps to	1970-01-01	2099-12-31	
2000000022	2000000022	Mapped from	1970-01-01	2099-12-31	
2000000022	2000000022	Maps to	1970-01-01	2099-12-31	
2000000023	2000000023	Mapped from	1970-01-01	2099-12-31	
2000000023	2000000023	Maps to	1970-01-01	2099-12-31	
2000000024	2000000024	Mapped from	1970-01-01	2099-12-31	
2000000024	2000000024	Maps to	1970-01-01	2099-12-31	
2000000025	2000000025	Mapped from	1970-01-01	2099-12-31	
2000000025	2000000025	Maps to	1970-01-01	2099-12-31	
2000000026	2000000026	Mapped from	1970-01-01	2099-12-31	
2000000026	2000000026	Maps to	1970-01-01	2099-12-31	
2000000027	2000000027	Mapped from	1970-01-01	2099-12-31	
2000000027	2000000027	Maps to	1970-01-01	2099-12-31	
2000000028	2000000028	Mapped from	1970-01-01	2099-12-31	
2000000028	2000000028	Maps to	1970-01-01	2099-12-31	
2000000029	2000000029	Mapped from	1970-01-01	2099-12-31	
2000000029	2000000029	Maps to	1970-01-01	2099-12-31	
2000000030	2000000030	Mapped from	1970-01-01	2099-12-31	
2000000030	2000000030	Maps to	1970-01-01	2099-12-31	
2000000031	2000000031	Mapped from	1970-01-01	2099-12-31	
2000000031	2000000031	Maps to	1970-01-01	2099-12-31	
2000000032	2000000032	Mapped from	1970-01-01	2099-12-31	
2000000032	2000000032	Maps to	1970-01-01	2099-12-31	
2000000033	2000000033	Mapped from	1970-01-01	2099-12-31	
2000000033	2000000033	Maps to	1970-01-01	2099-12-31	
2000000034	2000000034	Mapped from	1970-01-01	2099-12-31	
2000000034	2000000034	Maps to	1970-01-01	2099-12-31	
2000000035	2000000035	Mapped from	1970-01-01	2099-12-31	
2000000035	2000000035	Maps to	1970-01-01	2099-12-31	
2000000036	2000000036	Mapped from	1970-01-01	2099-12-31	
2000000036	2000000036	Maps to	1970-01-01	2099-12-31	
2000000037	2000000037	Mapped from	1970-01-01	2099-12-31	
2000000037	2000000037	Maps to	1970-01-01	2099-12-31	
2000000038	2000000038	Mapped from	1970-01-01	2099-12-31	
2000000038	2000000038	Maps to	1970-01-01	2099-12-31	
2000000039	2000000039	Mapped from	1970-01-01	2099-12-31	
2000000039	2000000039	Maps to	1970-01-01	2099-12-31	
2000000040	2000000040	Mapped from	1970-01-01	2099-12-31	
2000000040	2000000040	Maps to	1970-01-01	2099-12-31	
2000000041	2000000041	Mapped from	1970-01-01	2099-12-31	
2000000041	2000000041	Maps to	1970-01-01	2099-12-31	
2000000042	2000000042	Mapped from	1970-01-01	2099-12-31	
2000000042	2000000042	Maps to	1970-01-01	2099-12-31	
2000000043	2000000043	Mapped from	1970-01-01	2099-12-31	
2000000043	2000000043	Maps to	1970-01-01	2099-12-31	
2000000044	2000000044	Mapped from	1970-01-01	2099-12-31	
2000000044	2000000044	Maps to	1970-01-01	2099-12-31	
2000000045	2000000045	Mapped from	1970-01-01	2099-12-31	
2000000045	2000000045	Maps to	1970-01-01	2099-12-31	
2000000046	2000000046	Mapped from	1970-01-01	2099-12-31	
2000000046	2000000046	Maps to	1970-01-01	2099-12-31	
2000000047	2000000047	Mapped from	1970-01-01	2099-12-31	
2000000047	2000000047	Maps to	1970-01-01	2099-12-31	
2000000048	2000000048	Mapped from	1970-01-01	2099-12-31	
2000000048	2000000048	Maps to	1970-01-01	2099-12-31	
2000000049	2000000049	Mapped from	1970-01-01	2099-12-31	
2000000049	2000000049	Maps to	1970-01-01	2099-12-31	
2000000050	2000000050	Mapped from	1970-01-01	2099-12-31	
2000000050	2000000050	Maps to	1970-01-01	2099-12-31	
2000000051	2000000051	Mapped from	1970-01-01	2099-12-31	
2000000051	2000000051	Maps to	1970-01-01	2099-12-31	
2000000052	2000000052	Mapped from	1970-01-01	2099-12-31	
2000000052	2000000052	Maps to	1970-01-01	2099-12-31	
2000000053	2000000053	Mapped from	1970-01-01	2099-12-31	
2000000053	2000000053	Maps to	1970-01-01	2099-12-31	
2000000054	2000000054	Mapped from	1970-01-01	2099-12-31	
2000000054	2000000054	Maps to	1970-01-01	2099-12-31	
2000000055	2000000055	Mapped from	1970-01-01	2099-12-31	
2000000055	2000000055	Maps to	1970-01-01	2099-12-31	
2000000056	2000000056	Mapped from	1970-01-01	2099-12-31	
2000000056	2000000056	Maps to	1970-01-01	2099-12-31	
2000000057	2000000057	Mapped from	1970-01-01	2099-12-31	
2000000057	2000000057	Maps to	1970-01-01	2099-12-31	
2000000058	2000000058	Mapped from	1970-01-01	2099-12-31	
2000000058	2000000058	Maps to	1970-01-01	2099-12-31	
2000000059	2000000059	Mapped from	1970-01-01	2099-12-31	
2000000059	2000000059	Maps to	1970-01-01	2099-12-31	
2000000060	2000000060	Mapped from	1970-01-01	2099-12-31	
2000000060	2000000060	Maps to	1970-01-01	2099-12-31	
2000000061	2000000061	Mapped from	1970-01-01	2099-12-31	
2000000061	2000000061	Maps to	1970-01-01	2099-12-31	
2000000062	2000000062	Mapped from	1970-01-01	2099-12-31	
2000000062	2000000062	Maps to	1970-01-01	2099-12-31	
2000000063	2000000063	Mapped from	1970-01-01	2099-12-31	
2000000063	2000000063	Maps to	1970-01-01	2099-12-31	
2000000064	2000000064	Mapped from	1970-01-01	2099-12-31	
2000000064	2000000064	Maps to	1970-01-01	2099-12-31	
2000000065	2000000065	Mapped from	1970-01-01	2099-12-31	
2000000065	2000000065	Maps to	1970-01-01	2099-12-31	
2000000066	2000000066	Mapped from	1970-01-01	2099-12-31	
2000000066	2000000066	Maps to	1970-01-01	2099-12-31	
2000000067	2000000067	Mapped from	1970-01-01	2099-12-31	
2000000067	2000000067	Maps to	1970-01-01	2099-12-31	
2000000068	2000000068	Mapped from	1970-01-01	2099-12-31	
2000000068	2000000068	Maps to	1970-01-01	2099-12-31	
2000000069	2000000069	Mapped from	1970-01-01	2099-12-31	
2000000069	2000000069	Maps to	1970-01-01	2099-12-31	
2000000070	2000000070	Mapped from	1970-01-01	2099-12-31	
2000000070	2000000070	Maps to	1970-01-01	2099-12-31	
2000000071	2000000071	Mapped from	1970-01-01	2099-12-31	
2000000071	2000000071	Maps to	1970-01-01	2099-12-31	
2000000072	2000000072	Mapped from	1970-01-01	2099-12-31	
2000000072	2000000072	Maps to	1970-01-01	2099-12-31	
2000000073	2000000073	Mapped from	1970-01-01	2099-12-31	
2000000073	2000000073	Maps to	1970-01-01	2099-12-31	
2000000074	2000000074	Mapped from	1970-01-01	2099-12-31	
2000000074	2000000074	Maps to	1970-01-01	2099-12-31	
2000000075	2000000075	Mapped from	1970-01-01	2099-12-31	
2000000075	2000000075	Maps to	1970-01-01	2099-12-31	
2000000076	2000000076	Mapped from	1970-01-01	2099-12-31	
2000000076	2000000076	Maps to	1970-01-01	2099-12-31	
2000000077	2000000077	Mapped from	1970-01-01	2099-12-31	
2000000077	2000000077	Maps to	1970-01-01	2099-12-31	
2000000078	2000000078	Mapped from	1970-01-01	2099-12-31	
2000000078	2000000078	Maps to	1970-01-01	2099-12-31	
2000000079	2000000079	Mapped from	1970-01-01	2099-12-31	
2000000079	2000000079	Maps to	1970-01-01	2099-12-31	
2000000080	2000000080	Mapped from	1970-01-01	2099-12-31	
2000000080	2000000080	Maps to	1970-01-01	2099-12-31	
2000000081	2000000081	Mapped from	1970-01-01	2099-12-31	
2000000081	2000000081	Maps to	1970-01-01	2099-12-31	
2000000082	2000000082	Mapped from	1970-01-01	2099-12-31	
2000000082	2000000082	Maps to	1970-01-01	2099-12-31	
2000000083	2000000083	Mapped from	1970-01-01	2099-12-31	
2000000083	2000000083	Maps to	1970-01-01	2099-12-31	
2000000084	2000000084	Mapped from	1970-01-01	2099-12-31	
2000000084	2000000084	Maps to	1970-01-01	2099-12-31	
2000000085	2000000085	Mapped from	1970-01-01	2099-12-31	
2000000085	2000000085	Maps to	1970-01-01	2099-12-31	
2000000086	2000000086	Mapped from	1970-01-01	2099-12-31	
2000000086	2000000086	Maps to	1970-01-01	2099-12-31	
2000000087	2000000087	Mapped from	1970-01-01	2099-12-31	
2000000087	2000000087	Maps to	1970-01-01	2099-12-31	
2000000088	2000000088	Mapped from	1970-01-01	2099-12-31	
2000000088	2000000088	Maps to	1970-01-01	2099-12-31	
2000000089	2000000089	Mapped from	1970-01-01	2099-12-31	
2000000089	2000000089	Maps to	1970-01-01	2099-12-31	
2000000090	2000000090	Mapped from	1970-01-01	2099-12-31	
2000000090	2000000090	Maps to	1970-01-01	2099-12-31	
2000000091	2000000091	Mapped from	1970-01-01	2099-12-31	
2000000091	2000000091	Maps to	1970-01-01	2099-12-31	
2000000092	2000000092	Mapped from	1970-01-01	2099-12-31	
2000000092	2000000092	Maps to	1970-01-01	2099-12-31	
2000000093	2000000093	Mapped from	1970-01-01	2099-12-31	
2000000093	2000000093	Maps to	1970-01-01	2099-12-31	
2000000094	2000000094	Mapped from	1970-01-01	2099-12-31	
2000000094	2000000094	Maps to	1970-01-01	2099-12-31	
2000000095	2000000095	Mapped from	1970-01-01	2099-12-31	
2000000095	2000000095	Maps to	1970-01-01	2099-12-31	
2000000096	2000000096	Mapped from	1970-01-01	2099-12-31	
2000000096	2000000096	Maps to	1970-01-01	2099-12-31	
2000000097	2000000097	Mapped from	1970-01-01	2099-12-31	
2000000097	2000000097	Maps to	1970-01-01	2099-12-31	
2000000098	2000000098	Mapped from	1970-01-01	2099-12-31	
2000000098	2000000098	Maps to	1970-01-01	2099-12-31	
2000000099	2000000099	Mapped from	1970-01-01	2099-12-31	
2000000099	2000000099	Maps to	1970-01-01	2099-12-31	
2000000100	2000000100	Mapped from	1970-01-01	2099-12-31	
2000000100	2000000100	Maps to	1970-01-01	2099-12-31	
2000000101	2000000101	Mapped from	1970-01-01	2099-12-31	
2000000101	2000000101	Maps to	1970-01-01	2099-12-31	
2000000102	2000000102	Mapped from	1970-01-01	2099-12-31	
2000000102	2000000102	Maps to	1970-01-01	2099-12-31	
2000000103	2000000103	Mapped from	1970-01-01	2099-12-31	
2000000103	2000000103	Maps to	1970-01-01	2099-12-31	
2000000104	2000000104	Mapped from	1970-01-01	2099-12-31	
2000000104	2000000104	Maps to	1970-01-01	2099-12-31	
2000000105	2000000105	Mapped from	1970-01-01	2099-12-31	
2000000105	2000000105	Maps to	1970-01-01	2099-12-31	
2000000106	2000000106	Mapped from	1970-01-01	2099-12-31	
2000000106	2000000106	Maps to	1970-01-01	2099-12-31	
2000000107	2000000107	Mapped from	1970-01-01	2099-12-31	
2000000107	2000000107	Maps to	1970-01-01	2099-12-31	
2000000108	2000000108	Mapped from	1970-01-01	2099-12-31	
2000000108	2000000108	Maps to	1970-01-01	2099-12-31	
2000000109	2000000109	Mapped from	1970-01-01	2099-12-31	
2000000109	2000000109	Maps to	1970-01-01	2099-12-31	
2000000110	2000000110	Mapped from	1970-01-01	2099-12-31	
2000000110	2000000110	Maps to	1970-01-01	2099-12-31	
2000000111	2000000111	Mapped from	1970-01-01	2099-12-31	
2000000111	2000000111	Maps to	1970-01-01	2099-12-31	
2000000112	2000000112	Mapped from	1970-01-01	2099-12-31	
2000000112	2000000112	Maps to	1970-01-01	2099-12-31	
2000000113	2000000113	Mapped from	1970-01-01	2099-12-31	
2000000113	2000000113	Maps to	1970-01-01	2099-12-31	
2000000114	2000000114	Mapped from	1970-01-01	2099-12-31	
2000000114	2000000114	Maps to	1970-01-01	2099-12-31	
2000000115	2000000115	Mapped from	1970-01-01	2099-12-31	
2000000115	2000000115	Maps to	1970-01-01	2099-12-31	
2000000116	2000000116	Mapped from	1970-01-01	2099-12-31	
2000000116	2000000116	Maps to	1970-01-01	2099-12-31	
2000000117	2000000117	Mapped from	1970-01-01	2099-12-31	
2000000117	2000000117	Maps to	1970-01-01	2099-12-31	
2000000118	2000000118	Mapped from	1970-01-01	2099-12-31	
2000000118	2000000118	Maps to	1970-01-01	2099-12-31	
2000000119	2000000119	Mapped from	1970-01-01	2099-12-31	
2000000119	2000000119	Maps to	1970-01-01	2099-12-31	
2000000120	2000000120	Mapped from	1970-01-01	2099-12-31	
2000000120	2000000120	Maps to	1970-01-01	2099-12-31	
2000000121	2000000121	Mapped from	1970-01-01	2099-12-31	
2000000121	2000000121	Maps to	1970-01-01	2099-12-31	
2000000122	2000000122	Mapped from	1970-01-01	2099-12-31	
2000000122	2000000122	Maps to	1970-01-01	2099-12-31	
2000000123	2000000123	Mapped from	1970-01-01	2099-12-31	
2000000123	2000000123	Maps to	1970-01-01	2099-12-31	
2000000124	2000000124	Mapped from	1970-01-01	2099-12-31	
2000000124	2000000124	Maps to	1970-01-01	2099-12-31	
2000000125	2000000125	Mapped from	1970-01-01	2099-12-31	
2000000125	2000000125	Maps to	1970-01-01	2099-12-31	
2000000126	2000000126	Mapped from	1970-01-01	2099-12-31	
2000000126	2000000126	Maps to	1970-01-01	2099-12-31	
2000000127	2000000127	Mapped from	1970-01-01	2099-12-31	
2000000127	2000000127	Maps to	1970-01-01	2099-12-31	
2000000128	2000000128	Mapped from	1970-01-01	2099-12-31	
2000000128	2000000128	Maps to	1970-01-01	2099-12-31	
2000000129	2000000129	Mapped from	1970-01-01	2099-12-31	
2000000129	2000000129	Maps to	1970-01-01	2099-12-31	
2000000130	2000000130	Mapped from	1970-01-01	2099-12-31	
2000000130	2000000130	Maps to	1970-01-01	2099-12-31	
2000000131	2000000131	Mapped from	1970-01-01	2099-12-31	
2000000131	2000000131	Maps to	1970-01-01	2099-12-31	
2000000132	2000000132	Mapped from	1970-01-01	2099-12-31	
2000000132	2000000132	Maps to	1970-01-01	2099-12-31	
2000000133	2000000133	Mapped from	1970-01-01	2099-12-31	
2000000133	2000000133	Maps to	1970-01-01	2099-12-31	
2000000134	2000000134	Mapped from	1970-01-01	2099-12-31	
2000000134	2000000134	Maps to	1970-01-01	2099-12-31	
2000000135	2000000135	Mapped from	1970-01-01	2099-12-31	
2000000135	2000000135	Maps to	1970-01-01	2099-12-31	
2000000136	2000000136	Mapped from	1970-01-01	2099-12-31	
2000000136	2000000136	Maps to	1970-01-01	2099-12-31	
2000000137	2000000137	Mapped from	1970-01-01	2099-12-31	
2000000137	2000000137	Maps to	1970-01-01	2099-12-31	
2000000138	2000000138	Mapped from	1970-01-01	2099-12-31	
2000000138	2000000138	Maps to	1970-01-01	2099-12-31	
2000000139	2000000139	Mapped from	1970-01-01	2099-12-31	
2000000139	2000000139	Maps to	1970-01-01	2099-12-31	
2000000140	2000000140	Mapped from	1970-01-01	2099-12-31	
2000000140	2000000140	Maps to	1970-01-01	2099-12-31	
2000000141	2000000141	Mapped from	1970-01-01	2099-12-31	
2000000141	2000000141	Maps to	1970-01-01	2099-12-31	
2000000142	2000000142	Mapped from	1970-01-01	2099-12-31	
2000000142	2000000142	Maps to	1970-01-01	2099-12-31	
2000000143	2000000143	Mapped from	1970-01-01	2099-12-31	
2000000143	2000000143	Maps to	1970-01-01	2099-12-31	
2000000144	2000000144	Mapped from	1970-01-01	2099-12-31	
2000000144	2000000144	Maps to	1970-01-01	2099-12-31	
2000000145	2000000145	Mapped from	1970-01-01	2099-12-31	
2000000145	2000000145	Maps to	1970-01-01	2099-12-31	
2000000146	2000000146	Mapped from	1970-01-01	2099-12-31	
2000000146	2000000146	Maps to	1970-01-01	2099-12-31	
2000000147	2000000147	Mapped from	1970-01-01	2099-12-31	
2000000147	2000000147	Maps to	1970-01-01	2099-12-31	
2000000148	2000000148	Mapped from	1970-01-01	2099-12-31	
2000000148	2000000148	Maps to	1970-01-01	2099-12-31	
2000000149	2000000149	Mapped from	1970-01-01	2099-12-31	
2000000149	2000000149	Maps to	1970-01-01	2099-12-31	
2000000150	2000000150	Mapped from	1970-01-01	2099-12-31	
2000000150	2000000150	Maps to	1970-01-01	2099-12-31	
2000000151	2000000151	Mapped from	1970-01-01	2099-12-31	
2000000151	2000000151	Maps to	1970-01-01	2099-12-31	
2000000152	2000000152	Mapped from	1970-01-01	2099-12-31	
2000000152	2000000152	Maps to	1970-01-01	2099-12-31	
2000000153	2000000153	Mapped from	1970-01-01	2099-12-31	
2000000153	2000000153	Maps to	1970-01-01	2099-12-31	
2000000154	2000000154	Mapped from	1970-01-01	2099-12-31	
2000000154	2000000154	Maps to	1970-01-01	2099-12-31	
2000000155	2000000155	Mapped from	1970-01-01	2099-12-31	
2000000155	2000000155	Maps to	1970-01-01	2099-12-31	
2000000156	2000000156	Mapped from	1970-01-01	2099-12-31	
2000000156	2000000156	Maps to	1970-01-01	2099-12-31	
2000000157	2000000157	Mapped from	1970-01-01	2099-12-31	
2000000157	2000000157	Maps to	1970-01-01	2099-12-31	
2000000158	2000000158	Mapped from	1970-01-01	2099-12-31	
2000000158	2000000158	Maps to	1970-01-01	2099-12-31	
2000000159	2000000159	Mapped from	1970-01-01	2099-12-31	
2000000159	2000000159	Maps to	1970-01-01	2099-12-31	
2000000160	2000000160	Mapped from	1970-01-01	2099-12-31	
2000000160	2000000160	Maps to	1970-01-01	2099-12-31	
2000000161	2000000161	Mapped from	1970-01-01	2099-12-31	
2000000161	2000000161	Maps to	1970-01-01	2099-12-31	
2000000162	2000000162	Mapped from	1970-01-01	2099-12-31	
2000000162	2000000162	Maps to	1970-01-01	2099-12-31	
2000000163	2000000163	Mapped from	1970-01-01	2099-12-31	
2000000163	2000000163	Maps to	1970-01-01	2099-12-31	
2000000164	2000000164	Mapped from	1970-01-01	2099-12-31	
2000000164	2000000164	Maps to	1970-01-01	2099-12-31	
2000000165	2000000165	Mapped from	1970-01-01	2099-12-31	
2000000165	2000000165	Maps to	1970-01-01	2099-12-31	
2000000166	2000000166	Mapped from	1970-01-01	2099-12-31	
2000000166	2000000166	Maps to	1970-01-01	2099-12-31	
2000000167	2000000167	Mapped from	1970-01-01	2099-12-31	
2000000167	2000000167	Maps to	1970-01-01	2099-12-31	
2000000168	2000000168	Mapped from	1970-01-01	2099-12-31	
2000000168	2000000168	Maps to	1970-01-01	2099-12-31	
2000000169	2000000169	Mapped from	1970-01-01	2099-12-31	
2000000169	2000000169	Maps to	1970-01-01	2099-12-31	
2000000170	2000000170	Mapped from	1970-01-01	2099-12-31	
2000000170	2000000170	Maps to	1970-01-01	2099-12-31	
2000000171	2000000171	Mapped from	1970-01-01	2099-12-31	
2000000171	2000000171	Maps to	1970-01-01	2099-12-31	
2000000172	2000000172	Mapped from	1970-01-01	2099-12-31	
2000000172	2000000172	Maps to	1970-01-01	2099-12-31	
2000000173	2000000173	Mapped from	1970-01-01	2099-12-31	
2000000173	2000000173	Maps to	1970-01-01	2099-12-31	
2000000174	2000000174	Mapped from	1970-01-01	2099-12-31	
2000000174	2000000174	Maps to	1970-01-01	2099-12-31	
2000000175	2000000175	Mapped from	1970-01-01	2099-12-31	
2000000175	2000000175	Maps to	1970-01-01	2099-12-31	
2000000176	2000000176	Mapped from	1970-01-01	2099-12-31	
2000000176	2000000176	Maps to	1970-01-01	2099-12-31	
2000000177	2000000177	Mapped from	1970-01-01	2099-12-31	
2000000177	2000000177	Maps to	1970-01-01	2099-12-31	
2000000178	2000000178	Mapped from	1970-01-01	2099-12-31	
2000000178	2000000178	Maps to	1970-01-01	2099-12-31	
2000000179	2000000179	Mapped from	1970-01-01	2099-12-31	
2000000179	2000000179	Maps to	1970-01-01	2099-12-31	
2000000180	2000000180	Mapped from	1970-01-01	2099-12-31	
2000000180	2000000180	Maps to	1970-01-01	2099-12-31	
2000000181	2000000181	Mapped from	1970-01-01	2099-12-31	
2000000181	2000000181	Maps to	1970-01-01	2099-12-31	
2000000182	2000000182	Mapped from	1970-01-01	2099-12-31	
2000000182	2000000182	Maps to	1970-01-01	2099-12-31	
2000000183	2000000183	Mapped from	1970-01-01	2099-12-31	
2000000183	2000000183	Maps to	1970-01-01	2099-12-31	
2000000184	2000000184	Mapped from	1970-01-01	2099-12-31	
2000000184	2000000184	Maps to	1970-01-01	2099-12-31	
2000000185	2000000185	Mapped from	1970-01-01	2099-12-31	
2000000185	2000000185	Maps to	1970-01-01	2099-12-31	
2000000186	2000000186	Mapped from	1970-01-01	2099-12-31	
2000000186	2000000186	Maps to	1970-01-01	2099-12-31	
2000000187	2000000187	Mapped from	1970-01-01	2099-12-31	
2000000187	2000000187	Maps to	1970-01-01	2099-12-31	
2000000188	2000000188	Mapped from	1970-01-01	2099-12-31	
2000000188	2000000188	Maps to	1970-01-01	2099-12-31	
2000000189	2000000189	Mapped from	1970-01-01	2099-12-31	
2000000189	2000000189	Maps to	1970-01-01	2099-12-31	
2000000190	2000000190	Mapped from	1970-01-01	2099-12-31	
2000000190	2000000190	Maps to	1970-01-01	2099-12-31	
2000000193	2000000193	Mapped from	1970-01-01	2099-12-31	
2000000193	2000000193	Maps to	1970-01-01	2099-12-31	
2000000194	2000000194	Mapped from	1970-01-01	2099-12-31	
2000000194	2000000194	Maps to	1970-01-01	2099-12-31	
2000000195	2000000195	Mapped from	1970-01-01	2099-12-31	
2000000195	2000000195	Maps to	1970-01-01	2099-12-31	
2000000196	2000000196	Mapped from	1970-01-01	2099-12-31	
2000000196	2000000196	Maps to	1970-01-01	2099-12-31	
2000000197	2000000197	Mapped from	1970-01-01	2099-12-31	
2000000197	2000000197	Maps to	1970-01-01	2099-12-31	
2000000198	2000000198	Mapped from	1970-01-01	2099-12-31	
2000000198	2000000198	Maps to	1970-01-01	2099-12-31	
2000000199	2000000199	Mapped from	1970-01-01	2099-12-31	
2000000199	2000000199	Maps to	1970-01-01	2099-12-31	
2000000200	2000000200	Mapped from	1970-01-01	2099-12-31	
2000000200	2000000200	Maps to	1970-01-01	2099-12-31	
2000000201	2000000201	Mapped from	1970-01-01	2099-12-31	
2000000201	2000000201	Maps to	1970-01-01	2099-12-31	
2000000202	2000000202	Mapped from	1970-01-01	2099-12-31	
2000000202	2000000202	Maps to	1970-01-01	2099-12-31	
2000000203	2000000203	Mapped from	1970-01-01	2099-12-31	
2000000203	2000000203	Maps to	1970-01-01	2099-12-31	
2000000204	2000000204	Mapped from	1970-01-01	2099-12-31	
2000000204	2000000204	Maps to	1970-01-01	2099-12-31	
2000000205	2000000205	Mapped from	1970-01-01	2099-12-31	
2000000205	2000000205	Maps to	1970-01-01	2099-12-31	
2000000206	2000000206	Mapped from	1970-01-01	2099-12-31	
2000000206	2000000206	Maps to	1970-01-01	2099-12-31	
2000000207	2000000207	Mapped from	1970-01-01	2099-12-31	
2000000207	2000000207	Maps to	1970-01-01	2099-12-31	
2000000208	2000000208	Mapped from	1970-01-01	2099-12-31	
2000000208	2000000208	Maps to	1970-01-01	2099-12-31	
2000000209	2000000209	Mapped from	1970-01-01	2099-12-31	
2000000209	2000000209	Maps to	1970-01-01	2099-12-31	
2000000210	2000000210	Mapped from	1970-01-01	2099-12-31	
2000000210	2000000210	Maps to	1970-01-01	2099-12-31	
2000000211	2000000211	Mapped from	1970-01-01	2099-12-31	
2000000211	2000000211	Maps to	1970-01-01	2099-12-31	
2000000212	2000000212	Mapped from	1970-01-01	2099-12-31	
2000000212	2000000212	Maps to	1970-01-01	2099-12-31	
2000000213	2000000213	Mapped from	1970-01-01	2099-12-31	
2000000213	2000000213	Maps to	1970-01-01	2099-12-31	
2000000215	2000000215	Mapped from	1970-01-01	2099-12-31	
2000000215	2000000215	Maps to	1970-01-01	2099-12-31	
2000000216	2000000216	Mapped from	1970-01-01	2099-12-31	
2000000216	2000000216	Maps to	1970-01-01	2099-12-31	
2000000217	2000000217	Mapped from	1970-01-01	2099-12-31	
2000000217	2000000217	Maps to	1970-01-01	2099-12-31	
2000000218	2000000218	Mapped from	1970-01-01	2099-12-31	
2000000218	2000000218	Maps to	1970-01-01	2099-12-31	
2000000219	2000000219	Mapped from	1970-01-01	2099-12-31	
2000000219	2000000219	Maps to	1970-01-01	2099-12-31	
2000000220	2000000220	Mapped from	1970-01-01	2099-12-31	
2000000220	2000000220	Maps to	1970-01-01	2099-12-31	
2000000221	2000000221	Mapped from	1970-01-01	2099-12-31	
2000000221	2000000221	Maps to	1970-01-01	2099-12-31	
2000000222	2000000222	Mapped from	1970-01-01	2099-12-31	
2000000222	2000000222	Maps to	1970-01-01	2099-12-31	
2000000223	2000000223	Mapped from	1970-01-01	2099-12-31	
2000000223	2000000223	Maps to	1970-01-01	2099-12-31	
2000000224	2000000224	Mapped from	1970-01-01	2099-12-31	
2000000224	2000000224	Maps to	1970-01-01	2099-12-31	
2000000225	2000000225	Mapped from	1970-01-01	2099-12-31	
2000000225	2000000225	Maps to	1970-01-01	2099-12-31	
2000000226	2000000226	Mapped from	1970-01-01	2099-12-31	
2000000226	2000000226	Maps to	1970-01-01	2099-12-31	
2000000227	2000000227	Mapped from	1970-01-01	2099-12-31	
2000000227	2000000227	Maps to	1970-01-01	2099-12-31	
2000000228	2000000228	Mapped from	1970-01-01	2099-12-31	
2000000228	2000000228	Maps to	1970-01-01	2099-12-31	
2000000229	2000000229	Mapped from	1970-01-01	2099-12-31	
2000000229	2000000229	Maps to	1970-01-01	2099-12-31	
2000000230	2000000230	Mapped from	1970-01-01	2099-12-31	
2000000230	2000000230	Maps to	1970-01-01	2099-12-31	
2000000231	2000000231	Mapped from	1970-01-01	2099-12-31	
2000000231	2000000231	Maps to	1970-01-01	2099-12-31	
2000000232	2000000232	Mapped from	1970-01-01	2099-12-31	
2000000232	2000000232	Maps to	1970-01-01	2099-12-31	
2000000233	2000000233	Mapped from	1970-01-01	2099-12-31	
2000000233	2000000233	Maps to	1970-01-01	2099-12-31	
2000000234	2000000234	Mapped from	1970-01-01	2099-12-31	
2000000234	2000000234	Maps to	1970-01-01	2099-12-31	
2000000235	2000000235	Mapped from	1970-01-01	2099-12-31	
2000000235	2000000235	Maps to	1970-01-01	2099-12-31	
2000000236	2000000236	Mapped from	1970-01-01	2099-12-31	
2000000236	2000000236	Maps to	1970-01-01	2099-12-31	
2000000237	2000000237	Mapped from	1970-01-01	2099-12-31	
2000000237	2000000237	Maps to	1970-01-01	2099-12-31	
2000000238	2000000238	Mapped from	1970-01-01	2099-12-31	
2000000238	2000000238	Maps to	1970-01-01	2099-12-31	
2000000239	2000000239	Mapped from	1970-01-01	2099-12-31	
2000000239	2000000239	Maps to	1970-01-01	2099-12-31	
2000000240	2000000240	Mapped from	1970-01-01	2099-12-31	
2000000240	2000000240	Maps to	1970-01-01	2099-12-31	
2000000241	2000000241	Mapped from	1970-01-01	2099-12-31	
2000000241	2000000241	Maps to	1970-01-01	2099-12-31	
2000000242	2000000242	Mapped from	1970-01-01	2099-12-31	
2000000242	2000000242	Maps to	1970-01-01	2099-12-31	
2000000243	2000000243	Mapped from	1970-01-01	2099-12-31	
2000000243	2000000243	Maps to	1970-01-01	2099-12-31	
2000000244	2000000244	Mapped from	1970-01-01	2099-12-31	
2000000244	2000000244	Maps to	1970-01-01	2099-12-31	
2000000245	2000000245	Mapped from	1970-01-01	2099-12-31	
2000000245	2000000245	Maps to	1970-01-01	2099-12-31	
2000000246	2000000246	Mapped from	1970-01-01	2099-12-31	
2000000246	2000000246	Maps to	1970-01-01	2099-12-31	
2000000247	2000000247	Mapped from	1970-01-01	2099-12-31	
2000000247	2000000247	Maps to	1970-01-01	2099-12-31	
2000000248	2000000248	Mapped from	1970-01-01	2099-12-31	
2000000248	2000000248	Maps to	1970-01-01	2099-12-31	
2000000249	2000000249	Mapped from	1970-01-01	2099-12-31	
2000000249	2000000249	Maps to	1970-01-01	2099-12-31	
2000000250	2000000250	Mapped from	1970-01-01	2099-12-31	
2000000250	2000000250	Maps to	1970-01-01	2099-12-31	
2000000251	2000000251	Mapped from	1970-01-01	2099-12-31	
2000000251	2000000251	Maps to	1970-01-01	2099-12-31	
2000000252	2000000252	Mapped from	1970-01-01	2099-12-31	
2000000252	2000000252	Maps to	1970-01-01	2099-12-31	
2000000253	2000000253	Mapped from	1970-01-01	2099-12-31	
2000000253	2000000253	Maps to	1970-01-01	2099-12-31	
2000000254	2000000254	Mapped from	1970-01-01	2099-12-31	
2000000254	2000000254	Maps to	1970-01-01	2099-12-31	
2000000255	2000000255	Mapped from	1970-01-01	2099-12-31	
2000000255	2000000255	Maps to	1970-01-01	2099-12-31	
2000000256	2000000256	Mapped from	1970-01-01	2099-12-31	
2000000256	2000000256	Maps to	1970-01-01	2099-12-31	
2000000257	2000000257	Mapped from	1970-01-01	2099-12-31	
2000000257	2000000257	Maps to	1970-01-01	2099-12-31	
2000000258	2000000258	Mapped from	1970-01-01	2099-12-31	
2000000258	2000000258	Maps to	1970-01-01	2099-12-31	
2000000260	2000000260	Mapped from	1970-01-01	2099-12-31	
2000000260	2000000260	Maps to	1970-01-01	2099-12-31	
2000000261	2000000261	Mapped from	1970-01-01	2099-12-31	
2000000261	2000000261	Maps to	1970-01-01	2099-12-31	
2000000262	2000000262	Mapped from	1970-01-01	2099-12-31	
2000000262	2000000262	Maps to	1970-01-01	2099-12-31	
2000000263	2000000263	Mapped from	1970-01-01	2099-12-31	
2000000263	2000000263	Maps to	1970-01-01	2099-12-31	
2000000264	2000000264	Mapped from	1970-01-01	2099-12-31	
2000000264	2000000264	Maps to	1970-01-01	2099-12-31	
2000000270	2000000270	Mapped from	1970-01-01	2099-12-31	
2000000270	2000000270	Maps to	1970-01-01	2099-12-31	
2000000271	2000000271	Mapped from	1970-01-01	2099-12-31	
2000000271	2000000271	Maps to	1970-01-01	2099-12-31	
2000000272	2000000272	Mapped from	1970-01-01	2099-12-31	
2000000272	2000000272	Maps to	1970-01-01	2099-12-31	
2000000273	2000000273	Mapped from	1970-01-01	2099-12-31	
2000000273	2000000273	Maps to	1970-01-01	2099-12-31	
2000000274	2000000274	Mapped from	1970-01-01	2099-12-31	
2000000274	2000000274	Maps to	1970-01-01	2099-12-31	
2000000275	2000000275	Mapped from	1970-01-01	2099-12-31	
2000000275	2000000275	Maps to	1970-01-01	2099-12-31	
2000000276	2000000276	Mapped from	1970-01-01	2099-12-31	
2000000276	2000000276	Maps to	1970-01-01	2099-12-31	
2000000277	2000000277	Mapped from	1970-01-01	2099-12-31	
2000000277	2000000277	Maps to	1970-01-01	2099-12-31	
2000000278	2000000278	Mapped from	1970-01-01	2099-12-31	
2000000278	2000000278	Maps to	1970-01-01	2099-12-31	
2000000279	2000000279	Mapped from	1970-01-01	2099-12-31	
2000000279	2000000279	Maps to	1970-01-01	2099-12-31	
2000000280	2000000280	Mapped from	1970-01-01	2099-12-31	
2000000280	2000000280	Maps to	1970-01-01	2099-12-31	
2000000281	2000000281	Mapped from	1970-01-01	2099-12-31	
2000000281	2000000281	Maps to	1970-01-01	2099-12-31	
2000000282	2000000282	Mapped from	1970-01-01	2099-12-31	
2000000282	2000000282	Maps to	1970-01-01	2099-12-31	
2000000283	2000000283	Mapped from	1970-01-01	2099-12-31	
2000000283	2000000283	Maps to	1970-01-01	2099-12-31	
2000000284	2000000284	Mapped from	1970-01-01	2099-12-31	
2000000284	2000000284	Maps to	1970-01-01	2099-12-31	
2000000285	2000000285	Mapped from	1970-01-01	2099-12-31	
2000000285	2000000285	Maps to	1970-01-01	2099-12-31	
2000000286	2000000286	Mapped from	1970-01-01	2099-12-31	
2000000286	2000000286	Maps to	1970-01-01	2099-12-31	
2000000287	2000000287	Mapped from	1970-01-01	2099-12-31	
2000000287	2000000287	Maps to	1970-01-01	2099-12-31	
2000000288	2000000288	Mapped from	1970-01-01	2099-12-31	
2000000288	2000000288	Maps to	1970-01-01	2099-12-31	
2000000289	2000000289	Mapped from	1970-01-01	2099-12-31	
2000000289	2000000289	Maps to	1970-01-01	2099-12-31	
2000000290	2000000290	Mapped from	1970-01-01	2099-12-31	
2000000290	2000000290	Maps to	1970-01-01	2099-12-31	
2000000291	2000000291	Mapped from	1970-01-01	2099-12-31	
2000000291	2000000291	Maps to	1970-01-01	2099-12-31	
2000000292	2000000292	Mapped from	1970-01-01	2099-12-31	
2000000292	2000000292	Maps to	1970-01-01	2099-12-31	
2000000293	2000000293	Mapped from	1970-01-01	2099-12-31	
2000000293	2000000293	Maps to	1970-01-01	2099-12-31	
2000000294	2000000294	Mapped from	1970-01-01	2099-12-31	
2000000294	2000000294	Maps to	1970-01-01	2099-12-31	
2000000295	2000000295	Mapped from	1970-01-01	2099-12-31	
2000000295	2000000295	Maps to	1970-01-01	2099-12-31	
2000000296	2000000296	Mapped from	1970-01-01	2099-12-31	
2000000296	2000000296	Maps to	1970-01-01	2099-12-31	
2000000297	2000000297	Mapped from	1970-01-01	2099-12-31	
2000000297	2000000297	Maps to	1970-01-01	2099-12-31	
2000000298	2000000298	Mapped from	1970-01-01	2099-12-31	
2000000298	2000000298	Maps to	1970-01-01	2099-12-31	
2000000299	2000000299	Mapped from	1970-01-01	2099-12-31	
2000000299	2000000299	Maps to	1970-01-01	2099-12-31	
2000000300	2000000300	Mapped from	1970-01-01	2099-12-31	
2000000300	2000000300	Maps to	1970-01-01	2099-12-31	
2000000301	2000000301	Mapped from	1970-01-01	2099-12-31	
2000000301	2000000301	Maps to	1970-01-01	2099-12-31	
2000000302	2000000302	Mapped from	1970-01-01	2099-12-31	
2000000302	2000000302	Maps to	1970-01-01	2099-12-31	
2000000303	2000000303	Mapped from	1970-01-01	2099-12-31	
2000000303	2000000303	Maps to	1970-01-01	2099-12-31	
2000000304	2000000304	Mapped from	1970-01-01	2099-12-31	
2000000304	2000000304	Maps to	1970-01-01	2099-12-31	
2000000305	2000000305	Mapped from	1970-01-01	2099-12-31	
2000000305	2000000305	Maps to	1970-01-01	2099-12-31	
2000000306	2000000306	Mapped from	1970-01-01	2099-12-31	
2000000306	2000000306	Maps to	1970-01-01	2099-12-31	
2000000307	2000000307	Mapped from	1970-01-01	2099-12-31	
2000000307	2000000307	Maps to	1970-01-01	2099-12-31	
2000000308	2000000308	Mapped from	1970-01-01	2099-12-31	
2000000308	2000000308	Maps to	1970-01-01	2099-12-31	
2000000309	2000000309	Mapped from	1970-01-01	2099-12-31	
2000000309	2000000309	Maps to	1970-01-01	2099-12-31	
2000000310	2000000310	Mapped from	1970-01-01	2099-12-31	
2000000310	2000000310	Maps to	1970-01-01	2099-12-31	
2000000311	2000000311	Mapped from	1970-01-01	2099-12-31	
2000000311	2000000311	Maps to	1970-01-01	2099-12-31	
2000000312	2000000312	Mapped from	1970-01-01	2099-12-31	
2000000312	2000000312	Maps to	1970-01-01	2099-12-31	
2000000313	2000000313	Mapped from	1970-01-01	2099-12-31	
2000000313	2000000313	Maps to	1970-01-01	2099-12-31	
2000000314	2000000314	Mapped from	1970-01-01	2099-12-31	
2000000314	2000000314	Maps to	1970-01-01	2099-12-31	
2000000315	2000000315	Mapped from	1970-01-01	2099-12-31	
2000000315	2000000315	Maps to	1970-01-01	2099-12-31	
2000000316	2000000316	Mapped from	1970-01-01	2099-12-31	
2000000316	2000000316	Maps to	1970-01-01	2099-12-31	
2000000317	2000000317	Mapped from	1970-01-01	2099-12-31	
2000000317	2000000317	Maps to	1970-01-01	2099-12-31	
2000000318	2000000318	Mapped from	1970-01-01	2099-12-31	
2000000318	2000000318	Maps to	1970-01-01	2099-12-31	
2000000319	2000000319	Mapped from	1970-01-01	2099-12-31	
2000000319	2000000319	Maps to	1970-01-01	2099-12-31	
2000000320	2000000320	Mapped from	1970-01-01	2099-12-31	
2000000320	2000000320	Maps to	1970-01-01	2099-12-31	
2000000321	2000000321	Mapped from	1970-01-01	2099-12-31	
2000000321	2000000321	Maps to	1970-01-01	2099-12-31	
2000000322	2000000322	Mapped from	1970-01-01	2099-12-31	
2000000322	2000000322	Maps to	1970-01-01	2099-12-31	
2000000323	2000000323	Mapped from	1970-01-01	2099-12-31	
2000000323	2000000323	Maps to	1970-01-01	2099-12-31	
2000000324	2000000324	Mapped from	1970-01-01	2099-12-31	
2000000324	2000000324	Maps to	1970-01-01	2099-12-31	
2000000325	2000000325	Mapped from	1970-01-01	2099-12-31	
2000000325	2000000325	Maps to	1970-01-01	2099-12-31	
2000000326	2000000326	Mapped from	1970-01-01	2099-12-31	
2000000326	2000000326	Maps to	1970-01-01	2099-12-31	
2000000327	2000000327	Mapped from	1970-01-01	2099-12-31	
2000000327	2000000327	Maps to	1970-01-01	2099-12-31	
2000000328	2000000328	Mapped from	1970-01-01	2099-12-31	
2000000328	2000000328	Maps to	1970-01-01	2099-12-31	
2000000329	2000000329	Mapped from	1970-01-01	2099-12-31	
2000000329	2000000329	Maps to	1970-01-01	2099-12-31	
2000000330	2000000330	Mapped from	1970-01-01	2099-12-31	
2000000330	2000000330	Maps to	1970-01-01	2099-12-31	
2000000331	2000000331	Mapped from	1970-01-01	2099-12-31	
2000000331	2000000331	Maps to	1970-01-01	2099-12-31	
2000000332	2000000332	Mapped from	1970-01-01	2099-12-31	
2000000332	2000000332	Maps to	1970-01-01	2099-12-31	
2000000333	2000000333	Mapped from	1970-01-01	2099-12-31	
2000000333	2000000333	Maps to	1970-01-01	2099-12-31	
2000000334	2000000334	Mapped from	1970-01-01	2099-12-31	
2000000334	2000000334	Maps to	1970-01-01	2099-12-31	
2000000335	2000000335	Mapped from	1970-01-01	2099-12-31	
2000000335	2000000335	Maps to	1970-01-01	2099-12-31	
2000000336	2000000336	Mapped from	1970-01-01	2099-12-31	
2000000336	2000000336	Maps to	1970-01-01	2099-12-31	
2000000337	2000000337	Mapped from	1970-01-01	2099-12-31	
2000000337	2000000337	Maps to	1970-01-01	2099-12-31	
2000000338	2000000338	Mapped from	1970-01-01	2099-12-31	
2000000338	2000000338	Maps to	1970-01-01	2099-12-31	
2000000339	2000000339	Mapped from	1970-01-01	2099-12-31	
2000000339	2000000339	Maps to	1970-01-01	2099-12-31	
2000000340	2000000340	Mapped from	1970-01-01	2099-12-31	
2000000340	2000000340	Maps to	1970-01-01	2099-12-31	
2000000341	2000000341	Mapped from	1970-01-01	2099-12-31	
2000000341	2000000341	Maps to	1970-01-01	2099-12-31	
2000000342	2000000342	Mapped from	1970-01-01	2099-12-31	
2000000342	2000000342	Maps to	1970-01-01	2099-12-31	
2000000343	2000000343	Mapped from	1970-01-01	2099-12-31	
2000000343	2000000343	Maps to	1970-01-01	2099-12-31	
2000000344	2000000344	Mapped from	1970-01-01	2099-12-31	
2000000344	2000000344	Maps to	1970-01-01	2099-12-31	
2000000345	2000000345	Mapped from	1970-01-01	2099-12-31	
2000000345	2000000345	Maps to	1970-01-01	2099-12-31	
2000000346	2000000346	Mapped from	1970-01-01	2099-12-31	
2000000346	2000000346	Maps to	1970-01-01	2099-12-31	
2000000347	2000000347	Mapped from	1970-01-01	2099-12-31	
2000000347	2000000347	Maps to	1970-01-01	2099-12-31	
2000000348	2000000348	Mapped from	1970-01-01	2099-12-31	
2000000348	2000000348	Maps to	1970-01-01	2099-12-31	
2000000349	2000000349	Mapped from	1970-01-01	2099-12-31	
2000000349	2000000349	Maps to	1970-01-01	2099-12-31	
2000000350	2000000350	Mapped from	1970-01-01	2099-12-31	
2000000350	2000000350	Maps to	1970-01-01	2099-12-31	
2000000351	2000000351	Mapped from	1970-01-01	2099-12-31	
2000000351	2000000351	Maps to	1970-01-01	2099-12-31	
2000000352	2000000352	Mapped from	1970-01-01	2099-12-31	
2000000352	2000000352	Maps to	1970-01-01	2099-12-31	
2000000353	2000000353	Mapped from	1970-01-01	2099-12-31	
2000000353	2000000353	Maps to	1970-01-01	2099-12-31	
2000000354	2000000354	Mapped from	1970-01-01	2099-12-31	
2000000354	2000000354	Maps to	1970-01-01	2099-12-31	
2000000355	2000000355	Mapped from	1970-01-01	2099-12-31	
2000000355	2000000355	Maps to	1970-01-01	2099-12-31	
2000000356	2000000356	Mapped from	1970-01-01	2099-12-31	
2000000356	2000000356	Maps to	1970-01-01	2099-12-31	
2000000357	2000000357	Mapped from	1970-01-01	2099-12-31	
2000000357	2000000357	Maps to	1970-01-01	2099-12-31	
2000000358	2000000358	Mapped from	1970-01-01	2099-12-31	
2000000358	2000000358	Maps to	1970-01-01	2099-12-31	
2000000359	2000000359	Mapped from	1970-01-01	2099-12-31	
2000000359	2000000359	Maps to	1970-01-01	2099-12-31	
2000000360	2000000360	Mapped from	1970-01-01	2099-12-31	
2000000360	2000000360	Maps to	1970-01-01	2099-12-31	
2000000361	2000000361	Mapped from	1970-01-01	2099-12-31	
2000000361	2000000361	Maps to	1970-01-01	2099-12-31	
2000000362	2000000362	Mapped from	1970-01-01	2099-12-31	
2000000362	2000000362	Maps to	1970-01-01	2099-12-31	
2000000363	2000000363	Mapped from	1970-01-01	2099-12-31	
2000000363	2000000363	Maps to	1970-01-01	2099-12-31	
2000000364	2000000364	Mapped from	1970-01-01	2099-12-31	
2000000364	2000000364	Maps to	1970-01-01	2099-12-31	
2000000365	2000000365	Mapped from	1970-01-01	2099-12-31	
2000000365	2000000365	Maps to	1970-01-01	2099-12-31	
2000000366	2000000366	Mapped from	1970-01-01	2099-12-31	
2000000366	2000000366	Maps to	1970-01-01	2099-12-31	
2000000367	2000000367	Mapped from	1970-01-01	2099-12-31	
2000000367	2000000367	Maps to	1970-01-01	2099-12-31	
2000000368	2000000368	Mapped from	1970-01-01	2099-12-31	
2000000368	2000000368	Maps to	1970-01-01	2099-12-31	
2000000369	2000000369	Mapped from	1970-01-01	2099-12-31	
2000000369	2000000369	Maps to	1970-01-01	2099-12-31	
2000000370	2000000370	Mapped from	1970-01-01	2099-12-31	
2000000370	2000000370	Maps to	1970-01-01	2099-12-31	
2000000371	2000000371	Mapped from	1970-01-01	2099-12-31	
2000000371	2000000371	Maps to	1970-01-01	2099-12-31	
2000000373	2000000373	Mapped from	1970-01-01	2099-12-31	
2000000373	2000000373	Maps to	1970-01-01	2099-12-31	
2000000374	2000000374	Mapped from	1970-01-01	2099-12-31	
2000000374	2000000374	Maps to	1970-01-01	2099-12-31	
2000000375	2000000375	Mapped from	1970-01-01	2099-12-31	
2000000375	2000000375	Maps to	1970-01-01	2099-12-31	
2000000376	2000000376	Mapped from	1970-01-01	2099-12-31	
2000000376	2000000376	Maps to	1970-01-01	2099-12-31	
2000000377	2000000377	Mapped from	1970-01-01	2099-12-31	
2000000377	2000000377	Maps to	1970-01-01	2099-12-31	
2000000378	2000000378	Mapped from	1970-01-01	2099-12-31	
2000000378	2000000378	Maps to	1970-01-01	2099-12-31	
2000000379	2000000379	Mapped from	1970-01-01	2099-12-31	
2000000379	2000000379	Maps to	1970-01-01	2099-12-31	
2000000380	2000000380	Mapped from	1970-01-01	2099-12-31	
2000000380	2000000380	Maps to	1970-01-01	2099-12-31	
2000000381	2000000381	Mapped from	1970-01-01	2099-12-31	
2000000381	2000000381	Maps to	1970-01-01	2099-12-31	
2000000382	2000000382	Mapped from	1970-01-01	2099-12-31	
2000000382	2000000382	Maps to	1970-01-01	2099-12-31	
2000000383	2000000383	Mapped from	1970-01-01	2099-12-31	
2000000383	2000000383	Maps to	1970-01-01	2099-12-31	
2000000384	2000000384	Mapped from	1970-01-01	2099-12-31	
2000000384	2000000384	Maps to	1970-01-01	2099-12-31	
2000000385	2000000385	Mapped from	1970-01-01	2099-12-31	
2000000385	2000000385	Maps to	1970-01-01	2099-12-31	
2000000386	2000000386	Mapped from	1970-01-01	2099-12-31	
2000000386	2000000386	Maps to	1970-01-01	2099-12-31	
2000000387	2000000387	Mapped from	1970-01-01	2099-12-31	
2000000387	2000000387	Maps to	1970-01-01	2099-12-31	
2000000388	2000000388	Mapped from	1970-01-01	2099-12-31	
2000000388	2000000388	Maps to	1970-01-01	2099-12-31	
2000000389	2000000389	Mapped from	1970-01-01	2099-12-31	
2000000389	2000000389	Maps to	1970-01-01	2099-12-31	
2000000390	2000000390	Mapped from	1970-01-01	2099-12-31	
2000000390	2000000390	Maps to	1970-01-01	2099-12-31	
2000000391	2000000391	Mapped from	1970-01-01	2099-12-31	
2000000391	2000000391	Maps to	1970-01-01	2099-12-31	
2000000392	2000000392	Mapped from	1970-01-01	2099-12-31	
2000000392	2000000392	Maps to	1970-01-01	2099-12-31	
2000000393	2000000393	Mapped from	1970-01-01	2099-12-31	
2000000393	2000000393	Maps to	1970-01-01	2099-12-31	
2000000394	2000000394	Mapped from	1970-01-01	2099-12-31	
2000000394	2000000394	Maps to	1970-01-01	2099-12-31	
2000000395	2000000395	Mapped from	1970-01-01	2099-12-31	
2000000395	2000000395	Maps to	1970-01-01	2099-12-31	
2000000396	2000000396	Mapped from	1970-01-01	2099-12-31	
2000000396	2000000396	Maps to	1970-01-01	2099-12-31	
2000000397	2000000397	Mapped from	1970-01-01	2099-12-31	
2000000397	2000000397	Maps to	1970-01-01	2099-12-31	
2000000398	2000000398	Mapped from	1970-01-01	2099-12-31	
2000000398	2000000398	Maps to	1970-01-01	2099-12-31	
2000000399	2000000399	Mapped from	1970-01-01	2099-12-31	
2000000399	2000000399	Maps to	1970-01-01	2099-12-31	
2000000400	2000000400	Mapped from	1970-01-01	2099-12-31	
2000000400	2000000400	Maps to	1970-01-01	2099-12-31	
2000000401	2000000401	Mapped from	1970-01-01	2099-12-31	
2000000401	2000000401	Maps to	1970-01-01	2099-12-31	
2000000402	2000000402	Mapped from	1970-01-01	2099-12-31	
2000000402	2000000402	Maps to	1970-01-01	2099-12-31	
2000000403	2000000403	Mapped from	1970-01-01	2099-12-31	
2000000403	2000000403	Maps to	1970-01-01	2099-12-31	
2000000404	2000000404	Mapped from	1970-01-01	2099-12-31	
2000000404	2000000404	Maps to	1970-01-01	2099-12-31	
2000000405	2000000405	Mapped from	1970-01-01	2099-12-31	
2000000405	2000000405	Maps to	1970-01-01	2099-12-31	
2000000406	2000000406	Mapped from	1970-01-01	2099-12-31	
2000000406	2000000406	Maps to	1970-01-01	2099-12-31	
2000000407	2000000407	Mapped from	1970-01-01	2099-12-31	
2000000407	2000000407	Maps to	1970-01-01	2099-12-31	
2000000408	2000000408	Mapped from	1970-01-01	2099-12-31	
2000000408	2000000408	Maps to	1970-01-01	2099-12-31	
2000000409	2000000409	Mapped from	1970-01-01	2099-12-31	
2000000409	2000000409	Maps to	1970-01-01	2099-12-31	
2000000410	2000000410	Mapped from	1970-01-01	2099-12-31	
2000000410	2000000410	Maps to	1970-01-01	2099-12-31	
2000000411	2000000411	Mapped from	1970-01-01	2099-12-31	
2000000411	2000000411	Maps to	1970-01-01	2099-12-31	
2000000412	2000000412	Mapped from	1970-01-01	2099-12-31	
2000000412	2000000412	Maps to	1970-01-01	2099-12-31	
2000000413	2000000413	Mapped from	1970-01-01	2099-12-31	
2000000413	2000000413	Maps to	1970-01-01	2099-12-31	
2000000414	2000000414	Mapped from	1970-01-01	2099-12-31	
2000000414	2000000414	Maps to	1970-01-01	2099-12-31	
2000000415	2000000415	Mapped from	1970-01-01	2099-12-31	
2000000415	2000000415	Maps to	1970-01-01	2099-12-31	
2000000416	2000000416	Mapped from	1970-01-01	2099-12-31	
2000000416	2000000416	Maps to	1970-01-01	2099-12-31	
2000000417	2000000417	Mapped from	1970-01-01	2099-12-31	
2000000417	2000000417	Maps to	1970-01-01	2099-12-31	
2000000418	2000000418	Mapped from	1970-01-01	2099-12-31	
2000000418	2000000418	Maps to	1970-01-01	2099-12-31	
2000000419	2000000419	Mapped from	1970-01-01	2099-12-31	
2000000419	2000000419	Maps to	1970-01-01	2099-12-31	
2000000420	2000000420	Mapped from	1970-01-01	2099-12-31	
2000000420	2000000420	Maps to	1970-01-01	2099-12-31	
2000000421	2000000421	Mapped from	1970-01-01	2099-12-31	
2000000421	2000000421	Maps to	1970-01-01	2099-12-31	
2000000422	2000000422	Mapped from	1970-01-01	2099-12-31	
2000000422	2000000422	Maps to	1970-01-01	2099-12-31	
2000000423	2000000423	Mapped from	1970-01-01	2099-12-31	
2000000423	2000000423	Maps to	1970-01-01	2099-12-31	
2000000424	2000000424	Mapped from	1970-01-01	2099-12-31	
2000000424	2000000424	Maps to	1970-01-01	2099-12-31	
2000000425	2000000425	Mapped from	1970-01-01	2099-12-31	
2000000425	2000000425	Maps to	1970-01-01	2099-12-31	
2000000426	2000000426	Mapped from	1970-01-01	2099-12-31	
2000000426	2000000426	Maps to	1970-01-01	2099-12-31	
2000000427	2000000427	Mapped from	1970-01-01	2099-12-31	
2000000427	2000000427	Maps to	1970-01-01	2099-12-31	
2000000428	2000000428	Mapped from	1970-01-01	2099-12-31	
2000000428	2000000428	Maps to	1970-01-01	2099-12-31	
2000000429	2000000429	Mapped from	1970-01-01	2099-12-31	
2000000429	2000000429	Maps to	1970-01-01	2099-12-31	
2000000430	2000000430	Mapped from	1970-01-01	2099-12-31	
2000000430	2000000430	Maps to	1970-01-01	2099-12-31	
2000000431	2000000431	Mapped from	1970-01-01	2099-12-31	
2000000431	2000000431	Maps to	1970-01-01	2099-12-31	
2000000432	2000000432	Mapped from	1970-01-01	2099-12-31	
2000000432	2000000432	Maps to	1970-01-01	2099-12-31	
2000000433	2000000433	Mapped from	1970-01-01	2099-12-31	
2000000433	2000000433	Maps to	1970-01-01	2099-12-31	
2000000434	2000000434	Mapped from	1970-01-01	2099-12-31	
2000000434	2000000434	Maps to	1970-01-01	2099-12-31	
2000000435	2000000435	Mapped from	1970-01-01	2099-12-31	
2000000435	2000000435	Maps to	1970-01-01	2099-12-31	
2000000436	2000000436	Mapped from	1970-01-01	2099-12-31	
2000000436	2000000436	Maps to	1970-01-01	2099-12-31	
2000000437	2000000437	Mapped from	1970-01-01	2099-12-31	
2000000437	2000000437	Maps to	1970-01-01	2099-12-31	
2000000438	2000000438	Mapped from	1970-01-01	2099-12-31	
2000000438	2000000438	Maps to	1970-01-01	2099-12-31	
2000000439	2000000439	Mapped from	1970-01-01	2099-12-31	
2000000439	2000000439	Maps to	1970-01-01	2099-12-31	
2000000440	2000000440	Mapped from	1970-01-01	2099-12-31	
2000000440	2000000440	Maps to	1970-01-01	2099-12-31	
2000000441	2000000441	Mapped from	1970-01-01	2099-12-31	
2000000441	2000000441	Maps to	1970-01-01	2099-12-31	
2000000442	2000000442	Mapped from	1970-01-01	2099-12-31	
2000000442	2000000442	Maps to	1970-01-01	2099-12-31	
2000000443	2000000443	Mapped from	1970-01-01	2099-12-31	
2000000443	2000000443	Maps to	1970-01-01	2099-12-31	
2000000444	2000000444	Mapped from	1970-01-01	2099-12-31	
2000000444	2000000444	Maps to	1970-01-01	2099-12-31	
2000000445	2000000445	Mapped from	1970-01-01	2099-12-31	
2000000445	2000000445	Maps to	1970-01-01	2099-12-31	
2000000446	2000000446	Mapped from	1970-01-01	2099-12-31	
2000000446	2000000446	Maps to	1970-01-01	2099-12-31	
2000000447	2000000447	Mapped from	1970-01-01	2099-12-31	
2000000447	2000000447	Maps to	1970-01-01	2099-12-31	
2000000448	2000000448	Mapped from	1970-01-01	2099-12-31	
2000000448	2000000448	Maps to	1970-01-01	2099-12-31	
2000000449	2000000449	Mapped from	1970-01-01	2099-12-31	
2000000449	2000000449	Maps to	1970-01-01	2099-12-31	
2000000450	2000000450	Mapped from	1970-01-01	2099-12-31	
2000000450	2000000450	Maps to	1970-01-01	2099-12-31	
2000000451	2000000451	Mapped from	1970-01-01	2099-12-31	
2000000451	2000000451	Maps to	1970-01-01	2099-12-31	
2000000452	2000000452	Mapped from	1970-01-01	2099-12-31	
2000000452	2000000452	Maps to	1970-01-01	2099-12-31	
2000000453	2000000453	Mapped from	1970-01-01	2099-12-31	
2000000453	2000000453	Maps to	1970-01-01	2099-12-31	
2000000454	2000000454	Mapped from	1970-01-01	2099-12-31	
2000000454	2000000454	Maps to	1970-01-01	2099-12-31	
2000000455	2000000455	Mapped from	1970-01-01	2099-12-31	
2000000455	2000000455	Maps to	1970-01-01	2099-12-31	
2000000456	2000000456	Mapped from	1970-01-01	2099-12-31	
2000000456	2000000456	Maps to	1970-01-01	2099-12-31	
2000000457	2000000457	Mapped from	1970-01-01	2099-12-31	
2000000457	2000000457	Maps to	1970-01-01	2099-12-31	
2000000458	2000000458	Mapped from	1970-01-01	2099-12-31	
2000000458	2000000458	Maps to	1970-01-01	2099-12-31	
2000000459	2000000459	Mapped from	1970-01-01	2099-12-31	
2000000459	2000000459	Maps to	1970-01-01	2099-12-31	
2000000460	2000000460	Mapped from	1970-01-01	2099-12-31	
2000000460	2000000460	Maps to	1970-01-01	2099-12-31	
2000000461	2000000461	Mapped from	1970-01-01	2099-12-31	
2000000461	2000000461	Maps to	1970-01-01	2099-12-31	
2000000462	2000000462	Mapped from	1970-01-01	2099-12-31	
2000000462	2000000462	Maps to	1970-01-01	2099-12-31	
2000000463	2000000463	Mapped from	1970-01-01	2099-12-31	
2000000463	2000000463	Maps to	1970-01-01	2099-12-31	
2000000464	2000000464	Mapped from	1970-01-01	2099-12-31	
2000000464	2000000464	Maps to	1970-01-01	2099-12-31	
2000000465	2000000465	Mapped from	1970-01-01	2099-12-31	
2000000465	2000000465	Maps to	1970-01-01	2099-12-31	
2000000466	2000000466	Mapped from	1970-01-01	2099-12-31	
2000000466	2000000466	Maps to	1970-01-01	2099-12-31	
2000000467	2000000467	Mapped from	1970-01-01	2099-12-31	
2000000467	2000000467	Maps to	1970-01-01	2099-12-31	
2000000468	2000000468	Mapped from	1970-01-01	2099-12-31	
2000000468	2000000468	Maps to	1970-01-01	2099-12-31	
2000000469	2000000469	Mapped from	1970-01-01	2099-12-31	
2000000469	2000000469	Maps to	1970-01-01	2099-12-31	
2000000470	2000000470	Mapped from	1970-01-01	2099-12-31	
2000000470	2000000470	Maps to	1970-01-01	2099-12-31	
2000000471	2000000471	Mapped from	1970-01-01	2099-12-31	
2000000471	2000000471	Maps to	1970-01-01	2099-12-31	
2000000472	2000000472	Mapped from	1970-01-01	2099-12-31	
2000000472	2000000472	Maps to	1970-01-01	2099-12-31	
2000000473	2000000473	Mapped from	1970-01-01	2099-12-31	
2000000473	2000000473	Maps to	1970-01-01	2099-12-31	
2000000474	2000000474	Mapped from	1970-01-01	2099-12-31	
2000000474	2000000474	Maps to	1970-01-01	2099-12-31	
2000000475	2000000475	Mapped from	1970-01-01	2099-12-31	
2000000475	2000000475	Maps to	1970-01-01	2099-12-31	
2000000476	2000000476	Mapped from	1970-01-01	2099-12-31	
2000000476	2000000476	Maps to	1970-01-01	2099-12-31	
2000000477	2000000477	Mapped from	1970-01-01	2099-12-31	
2000000477	2000000477	Maps to	1970-01-01	2099-12-31	
2000000478	2000000478	Mapped from	1970-01-01	2099-12-31	
2000000478	2000000478	Maps to	1970-01-01	2099-12-31	
2000000479	2000000479	Mapped from	1970-01-01	2099-12-31	
2000000479	2000000479	Maps to	1970-01-01	2099-12-31	
2000000480	2000000480	Mapped from	1970-01-01	2099-12-31	
2000000480	2000000480	Maps to	1970-01-01	2099-12-31	
2000000481	2000000481	Mapped from	1970-01-01	2099-12-31	
2000000481	2000000481	Maps to	1970-01-01	2099-12-31	
2000000482	2000000482	Mapped from	1970-01-01	2099-12-31	
2000000482	2000000482	Maps to	1970-01-01	2099-12-31	
2000000483	2000000483	Mapped from	1970-01-01	2099-12-31	
2000000483	2000000483	Maps to	1970-01-01	2099-12-31	
2000000484	2000000484	Mapped from	1970-01-01	2099-12-31	
2000000484	2000000484	Maps to	1970-01-01	2099-12-31	
2000000485	2000000485	Mapped from	1970-01-01	2099-12-31	
2000000486	2000000486	Mapped from	1970-01-01	2099-12-31	
2000000487	2000000487	Mapped from	1970-01-01	2099-12-31	
2000000488	2000000488	Mapped from	1970-01-01	2099-12-31	
2000000489	2000000489	Mapped from	1970-01-01	2099-12-31	
2000000490	2000000490	Mapped from	1970-01-01	2099-12-31	
2000000491	2000000491	Mapped from	1970-01-01	2099-12-31	
2000000492	2000000492	Mapped from	1970-01-01	2099-12-31	
2000000493	2000000493	Mapped from	1970-01-01	2099-12-31	
2000000494	2000000494	Mapped from	1970-01-01	2099-12-31	
2000000495	2000000495	Mapped from	1970-01-01	2099-12-31	
2000000496	2000000496	Mapped from	1970-01-01	2099-12-31	
2000000497	2000000497	Mapped from	1970-01-01	2099-12-31	
2000000498	2000000498	Mapped from	1970-01-01	2099-12-31	
2000000499	2000000499	Mapped from	1970-01-01	2099-12-31	
2000000500	2000000500	Mapped from	1970-01-01	2099-12-31	
2000000501	2000000501	Mapped from	1970-01-01	2099-12-31	
2000000502	2000000502	Mapped from	1970-01-01	2099-12-31	
2000000503	2000000503	Mapped from	1970-01-01	2099-12-31	
2000000504	2000000504	Mapped from	1970-01-01	2099-12-31	
2000000505	2000000505	Mapped from	1970-01-01	2099-12-31	
2000000506	2000000506	Mapped from	1970-01-01	2099-12-31	
2000000507	2000000507	Mapped from	1970-01-01	2099-12-31	
2000000508	2000000508	Mapped from	1970-01-01	2099-12-31	
2000000509	2000000509	Mapped from	1970-01-01	2099-12-31	
2000000510	2000000510	Mapped from	1970-01-01	2099-12-31	
2000000511	2000000511	Mapped from	1970-01-01	2099-12-31	
2000000512	2000000512	Mapped from	1970-01-01	2099-12-31	
2000000513	2000000513	Mapped from	1970-01-01	2099-12-31	
2000000514	2000000514	Mapped from	1970-01-01	2099-12-31	
2000000515	2000000515	Mapped from	1970-01-01	2099-12-31	
2000000516	2000000516	Mapped from	1970-01-01	2099-12-31	
2000000517	2000000517	Mapped from	1970-01-01	2099-12-31	
2000000518	2000000518	Mapped from	1970-01-01	2099-12-31	
2000000519	2000000519	Mapped from	1970-01-01	2099-12-31	
2000000520	2000000520	Mapped from	1970-01-01	2099-12-31	
2000000521	2000000521	Mapped from	1970-01-01	2099-12-31	
2000000522	2000000522	Mapped from	1970-01-01	2099-12-31	
2000000523	2000000523	Mapped from	1970-01-01	2099-12-31	
2000000524	2000000524	Mapped from	1970-01-01	2099-12-31	
2000000525	2000000525	Mapped from	1970-01-01	2099-12-31	
2000000526	2000000526	Mapped from	1970-01-01	2099-12-31	
2000000527	2000000527	Mapped from	1970-01-01	2099-12-31	
2000000528	2000000528	Mapped from	1970-01-01	2099-12-31	
2000000529	2000000529	Mapped from	1970-01-01	2099-12-31	
2000000530	2000000530	Mapped from	1970-01-01	2099-12-31	
2000000531	2000000531	Mapped from	1970-01-01	2099-12-31	
2000000532	2000000532	Mapped from	1970-01-01	2099-12-31	
2000000533	2000000533	Mapped from	1970-01-01	2099-12-31	
2000000534	2000000534	Mapped from	1970-01-01	2099-12-31	
2000000535	2000000535	Mapped from	1970-01-01	2099-12-31	
2000000536	2000000536	Mapped from	1970-01-01	2099-12-31	
2000000537	2000000537	Mapped from	1970-01-01	2099-12-31	
2000000538	2000000538	Mapped from	1970-01-01	2099-12-31	
2000000539	2000000539	Mapped from	1970-01-01	2099-12-31	
2000000540	2000000540	Mapped from	1970-01-01	2099-12-31	
2000000541	2000000541	Mapped from	1970-01-01	2099-12-31	
2000000542	2000000542	Mapped from	1970-01-01	2099-12-31	
2000000543	2000000543	Mapped from	1970-01-01	2099-12-31	
2000000544	2000000544	Mapped from	1970-01-01	2099-12-31	
2000000545	2000000545	Mapped from	1970-01-01	2099-12-31	
2000000546	2000000546	Mapped from	1970-01-01	2099-12-31	
2000000547	2000000547	Mapped from	1970-01-01	2099-12-31	
2000000548	2000000548	Mapped from	1970-01-01	2099-12-31	
2000000549	2000000549	Mapped from	1970-01-01	2099-12-31	
2000000550	2000000550	Mapped from	1970-01-01	2099-12-31	
2000000551	2000000551	Mapped from	1970-01-01	2099-12-31	
2000000552	2000000552	Mapped from	1970-01-01	2099-12-31	
2000000553	2000000553	Mapped from	1970-01-01	2099-12-31	
2000000554	2000000554	Mapped from	1970-01-01	2099-12-31	
2000000555	2000000555	Mapped from	1970-01-01	2099-12-31	
2000000556	2000000556	Mapped from	1970-01-01	2099-12-31	
2000000557	2000000557	Mapped from	1970-01-01	2099-12-31	
2000000558	2000000558	Mapped from	1970-01-01	2099-12-31	
2000000559	2000000559	Mapped from	1970-01-01	2099-12-31	
2000000560	2000000560	Mapped from	1970-01-01	2099-12-31	
2000000561	2000000561	Mapped from	1970-01-01	2099-12-31	
2000000562	2000000562	Mapped from	1970-01-01	2099-12-31	
2000000563	2000000563	Mapped from	1970-01-01	2099-12-31	
2000000564	2000000564	Mapped from	1970-01-01	2099-12-31	
2000000565	2000000565	Mapped from	1970-01-01	2099-12-31	
2000000566	2000000566	Mapped from	1970-01-01	2099-12-31	
2000000567	2000000567	Mapped from	1970-01-01	2099-12-31	
2000000568	2000000568	Mapped from	1970-01-01	2099-12-31	
2000000569	2000000569	Mapped from	1970-01-01	2099-12-31	
2000000570	2000000570	Mapped from	1970-01-01	2099-12-31	
2000000571	2000000571	Mapped from	1970-01-01	2099-12-31	
2000000572	2000000572	Mapped from	1970-01-01	2099-12-31	
2000000573	2000000573	Mapped from	1970-01-01	2099-12-31	
2000000574	2000000574	Mapped from	1970-01-01	2099-12-31	
2000000575	2000000575	Mapped from	1970-01-01	2099-12-31	
2000000576	2000000576	Mapped from	1970-01-01	2099-12-31	
2000000577	2000000577	Mapped from	1970-01-01	2099-12-31	
2000000578	2000000578	Mapped from	1970-01-01	2099-12-31	
2000000579	2000000579	Mapped from	1970-01-01	2099-12-31	
2000000580	2000000580	Mapped from	1970-01-01	2099-12-31	
2000000581	2000000581	Mapped from	1970-01-01	2099-12-31	
2000000582	2000000582	Mapped from	1970-01-01	2099-12-31	
2000000583	2000000583	Mapped from	1970-01-01	2099-12-31	
2000000584	2000000584	Mapped from	1970-01-01	2099-12-31	
2000000585	2000000585	Mapped from	1970-01-01	2099-12-31	
2000000586	2000000586	Mapped from	1970-01-01	2099-12-31	
2000000587	2000000587	Mapped from	1970-01-01	2099-12-31	
2000000588	2000000588	Mapped from	1970-01-01	2099-12-31	
2000000589	2000000589	Mapped from	1970-01-01	2099-12-31	
2000000590	2000000590	Mapped from	1970-01-01	2099-12-31	
2000000591	2000000591	Mapped from	1970-01-01	2099-12-31	
2000000592	2000000592	Mapped from	1970-01-01	2099-12-31	
2000000593	2000000593	Mapped from	1970-01-01	2099-12-31	
2000000594	2000000594	Mapped from	1970-01-01	2099-12-31	
2000000595	2000000595	Mapped from	1970-01-01	2099-12-31	
2000000596	2000000596	Mapped from	1970-01-01	2099-12-31	
2000000597	2000000597	Mapped from	1970-01-01	2099-12-31	
2000000598	2000000598	Mapped from	1970-01-01	2099-12-31	
2000000599	2000000599	Mapped from	1970-01-01	2099-12-31	
2000000600	2000000600	Mapped from	1970-01-01	2099-12-31	
2000000601	2000000601	Mapped from	1970-01-01	2099-12-31	
2000000602	2000000602	Mapped from	1970-01-01	2099-12-31	
2000000603	2000000603	Mapped from	1970-01-01	2099-12-31	
2000000604	2000000604	Mapped from	1970-01-01	2099-12-31	
2000000605	2000000605	Mapped from	1970-01-01	2099-12-31	
2000000606	2000000606	Mapped from	1970-01-01	2099-12-31	
2000000607	2000000607	Mapped from	1970-01-01	2099-12-31	
2000000608	2000000608	Mapped from	1970-01-01	2099-12-31	
2000000609	2000000609	Mapped from	1970-01-01	2099-12-31	
2000000610	2000000610	Mapped from	1970-01-01	2099-12-31	
2000000611	2000000611	Mapped from	1970-01-01	2099-12-31	
2000000612	2000000612	Mapped from	1970-01-01	2099-12-31	
2000000613	2000000613	Mapped from	1970-01-01	2099-12-31	
2000000614	2000000614	Mapped from	1970-01-01	2099-12-31	
2000000615	2000000615	Mapped from	1970-01-01	2099-12-31	
2000000616	2000000616	Mapped from	1970-01-01	2099-12-31	
2000000617	2000000617	Mapped from	1970-01-01	2099-12-31	
2000000618	2000000618	Mapped from	1970-01-01	2099-12-31	
2000000619	2000000619	Mapped from	1970-01-01	2099-12-31	
2000000620	2000000620	Mapped from	1970-01-01	2099-12-31	
2000000621	2000000621	Mapped from	1970-01-01	2099-12-31	
2000000622	2000000622	Mapped from	1970-01-01	2099-12-31	
2000000623	2000000623	Mapped from	1970-01-01	2099-12-31	
2000000624	2000000624	Mapped from	1970-01-01	2099-12-31	
2000000625	2000000625	Mapped from	1970-01-01	2099-12-31	
2000000626	2000000626	Mapped from	1970-01-01	2099-12-31	
2000000627	2000000627	Mapped from	1970-01-01	2099-12-31	
2000000628	2000000628	Mapped from	1970-01-01	2099-12-31	
2000000629	2000000629	Mapped from	1970-01-01	2099-12-31	
2000000630	2000000630	Mapped from	1970-01-01	2099-12-31	
2000000631	2000000631	Mapped from	1970-01-01	2099-12-31	
2000000632	2000000632	Mapped from	1970-01-01	2099-12-31	
2000000633	2000000633	Mapped from	1970-01-01	2099-12-31	
2000000634	2000000634	Mapped from	1970-01-01	2099-12-31	
2000000485	2000000485	Maps to	1970-01-01	2099-12-31	
2000000486	2000000486	Maps to	1970-01-01	2099-12-31	
2000000487	2000000487	Maps to	1970-01-01	2099-12-31	
2000000488	2000000488	Maps to	1970-01-01	2099-12-31	
2000000489	2000000489	Maps to	1970-01-01	2099-12-31	
2000000490	2000000490	Maps to	1970-01-01	2099-12-31	
2000000491	2000000491	Maps to	1970-01-01	2099-12-31	
2000000492	2000000492	Maps to	1970-01-01	2099-12-31	
2000000493	2000000493	Maps to	1970-01-01	2099-12-31	
2000000494	2000000494	Maps to	1970-01-01	2099-12-31	
2000000495	2000000495	Maps to	1970-01-01	2099-12-31	
2000000496	2000000496	Maps to	1970-01-01	2099-12-31	
2000000497	2000000497	Maps to	1970-01-01	2099-12-31	
2000000498	2000000498	Maps to	1970-01-01	2099-12-31	
2000000499	2000000499	Maps to	1970-01-01	2099-12-31	
2000000500	2000000500	Maps to	1970-01-01	2099-12-31	
2000000501	2000000501	Maps to	1970-01-01	2099-12-31	
2000000502	2000000502	Maps to	1970-01-01	2099-12-31	
2000000503	2000000503	Maps to	1970-01-01	2099-12-31	
2000000504	2000000504	Maps to	1970-01-01	2099-12-31	
2000000505	2000000505	Maps to	1970-01-01	2099-12-31	
2000000506	2000000506	Maps to	1970-01-01	2099-12-31	
2000000507	2000000507	Maps to	1970-01-01	2099-12-31	
2000000508	2000000508	Maps to	1970-01-01	2099-12-31	
2000000509	2000000509	Maps to	1970-01-01	2099-12-31	
2000000510	2000000510	Maps to	1970-01-01	2099-12-31	
2000000511	2000000511	Maps to	1970-01-01	2099-12-31	
2000000512	2000000512	Maps to	1970-01-01	2099-12-31	
2000000513	2000000513	Maps to	1970-01-01	2099-12-31	
2000000514	2000000514	Maps to	1970-01-01	2099-12-31	
2000000515	2000000515	Maps to	1970-01-01	2099-12-31	
2000000516	2000000516	Maps to	1970-01-01	2099-12-31	
2000000517	2000000517	Maps to	1970-01-01	2099-12-31	
2000000518	2000000518	Maps to	1970-01-01	2099-12-31	
2000000519	2000000519	Maps to	1970-01-01	2099-12-31	
2000000520	2000000520	Maps to	1970-01-01	2099-12-31	
2000000521	2000000521	Maps to	1970-01-01	2099-12-31	
2000000522	2000000522	Maps to	1970-01-01	2099-12-31	
2000000523	2000000523	Maps to	1970-01-01	2099-12-31	
2000000524	2000000524	Maps to	1970-01-01	2099-12-31	
2000000525	2000000525	Maps to	1970-01-01	2099-12-31	
2000000526	2000000526	Maps to	1970-01-01	2099-12-31	
2000000527	2000000527	Maps to	1970-01-01	2099-12-31	
2000000528	2000000528	Maps to	1970-01-01	2099-12-31	
2000000529	2000000529	Maps to	1970-01-01	2099-12-31	
2000000530	2000000530	Maps to	1970-01-01	2099-12-31	
2000000531	2000000531	Maps to	1970-01-01	2099-12-31	
2000000532	2000000532	Maps to	1970-01-01	2099-12-31	
2000000533	2000000533	Maps to	1970-01-01	2099-12-31	
2000000534	2000000534	Maps to	1970-01-01	2099-12-31	
2000000535	2000000535	Maps to	1970-01-01	2099-12-31	
2000000536	2000000536	Maps to	1970-01-01	2099-12-31	
2000000537	2000000537	Maps to	1970-01-01	2099-12-31	
2000000538	2000000538	Maps to	1970-01-01	2099-12-31	
2000000539	2000000539	Maps to	1970-01-01	2099-12-31	
2000000540	2000000540	Maps to	1970-01-01	2099-12-31	
2000000541	2000000541	Maps to	1970-01-01	2099-12-31	
2000000542	2000000542	Maps to	1970-01-01	2099-12-31	
2000000543	2000000543	Maps to	1970-01-01	2099-12-31	
2000000544	2000000544	Maps to	1970-01-01	2099-12-31	
2000000545	2000000545	Maps to	1970-01-01	2099-12-31	
2000000546	2000000546	Maps to	1970-01-01	2099-12-31	
2000000547	2000000547	Maps to	1970-01-01	2099-12-31	
2000000548	2000000548	Maps to	1970-01-01	2099-12-31	
2000000549	2000000549	Maps to	1970-01-01	2099-12-31	
2000000550	2000000550	Maps to	1970-01-01	2099-12-31	
2000000551	2000000551	Maps to	1970-01-01	2099-12-31	
2000000552	2000000552	Maps to	1970-01-01	2099-12-31	
2000000553	2000000553	Maps to	1970-01-01	2099-12-31	
2000000554	2000000554	Maps to	1970-01-01	2099-12-31	
2000000555	2000000555	Maps to	1970-01-01	2099-12-31	
2000000556	2000000556	Maps to	1970-01-01	2099-12-31	
2000000557	2000000557	Maps to	1970-01-01	2099-12-31	
2000000558	2000000558	Maps to	1970-01-01	2099-12-31	
2000000559	2000000559	Maps to	1970-01-01	2099-12-31	
2000000560	2000000560	Maps to	1970-01-01	2099-12-31	
2000000561	2000000561	Maps to	1970-01-01	2099-12-31	
2000000562	2000000562	Maps to	1970-01-01	2099-12-31	
2000000563	2000000563	Maps to	1970-01-01	2099-12-31	
2000000564	2000000564	Maps to	1970-01-01	2099-12-31	
2000000565	2000000565	Maps to	1970-01-01	2099-12-31	
2000000566	2000000566	Maps to	1970-01-01	2099-12-31	
2000000567	2000000567	Maps to	1970-01-01	2099-12-31	
2000000568	2000000568	Maps to	1970-01-01	2099-12-31	
2000000569	2000000569	Maps to	1970-01-01	2099-12-31	
2000000570	2000000570	Maps to	1970-01-01	2099-12-31	
2000000571	2000000571	Maps to	1970-01-01	2099-12-31	
2000000572	2000000572	Maps to	1970-01-01	2099-12-31	
2000000573	2000000573	Maps to	1970-01-01	2099-12-31	
2000000574	2000000574	Maps to	1970-01-01	2099-12-31	
2000000575	2000000575	Maps to	1970-01-01	2099-12-31	
2000000576	2000000576	Maps to	1970-01-01	2099-12-31	
2000000577	2000000577	Maps to	1970-01-01	2099-12-31	
2000000578	2000000578	Maps to	1970-01-01	2099-12-31	
2000000579	2000000579	Maps to	1970-01-01	2099-12-31	
2000000580	2000000580	Maps to	1970-01-01	2099-12-31	
2000000581	2000000581	Maps to	1970-01-01	2099-12-31	
2000000582	2000000582	Maps to	1970-01-01	2099-12-31	
2000000583	2000000583	Maps to	1970-01-01	2099-12-31	
2000000584	2000000584	Maps to	1970-01-01	2099-12-31	
2000000585	2000000585	Maps to	1970-01-01	2099-12-31	
2000000586	2000000586	Maps to	1970-01-01	2099-12-31	
2000000587	2000000587	Maps to	1970-01-01	2099-12-31	
2000000588	2000000588	Maps to	1970-01-01	2099-12-31	
2000000589	2000000589	Maps to	1970-01-01	2099-12-31	
2000000590	2000000590	Maps to	1970-01-01	2099-12-31	
2000000591	2000000591	Maps to	1970-01-01	2099-12-31	
2000000592	2000000592	Maps to	1970-01-01	2099-12-31	
2000000593	2000000593	Maps to	1970-01-01	2099-12-31	
2000000594	2000000594	Maps to	1970-01-01	2099-12-31	
2000000595	2000000595	Maps to	1970-01-01	2099-12-31	
2000000596	2000000596	Maps to	1970-01-01	2099-12-31	
2000000597	2000000597	Maps to	1970-01-01	2099-12-31	
2000000598	2000000598	Maps to	1970-01-01	2099-12-31	
2000000599	2000000599	Maps to	1970-01-01	2099-12-31	
2000000600	2000000600	Maps to	1970-01-01	2099-12-31	
2000000601	2000000601	Maps to	1970-01-01	2099-12-31	
2000000602	2000000602	Maps to	1970-01-01	2099-12-31	
2000000603	2000000603	Maps to	1970-01-01	2099-12-31	
2000000604	2000000604	Maps to	1970-01-01	2099-12-31	
2000000605	2000000605	Maps to	1970-01-01	2099-12-31	
2000000606	2000000606	Maps to	1970-01-01	2099-12-31	
2000000607	2000000607	Maps to	1970-01-01	2099-12-31	
2000000608	2000000608	Maps to	1970-01-01	2099-12-31	
2000000609	2000000609	Maps to	1970-01-01	2099-12-31	
2000000610	2000000610	Maps to	1970-01-01	2099-12-31	
2000000611	2000000611	Maps to	1970-01-01	2099-12-31	
2000000612	2000000612	Maps to	1970-01-01	2099-12-31	
2000000613	2000000613	Maps to	1970-01-01	2099-12-31	
2000000614	2000000614	Maps to	1970-01-01	2099-12-31	
2000000615	2000000615	Maps to	1970-01-01	2099-12-31	
2000000616	2000000616	Maps to	1970-01-01	2099-12-31	
2000000617	2000000617	Maps to	1970-01-01	2099-12-31	
2000000618	2000000618	Maps to	1970-01-01	2099-12-31	
2000000619	2000000619	Maps to	1970-01-01	2099-12-31	
2000000620	2000000620	Maps to	1970-01-01	2099-12-31	
2000000621	2000000621	Maps to	1970-01-01	2099-12-31	
2000000622	2000000622	Maps to	1970-01-01	2099-12-31	
2000000623	2000000623	Maps to	1970-01-01	2099-12-31	
2000000624	2000000624	Maps to	1970-01-01	2099-12-31	
2000000625	2000000625	Maps to	1970-01-01	2099-12-31	
2000000626	2000000626	Maps to	1970-01-01	2099-12-31	
2000000627	2000000627	Maps to	1970-01-01	2099-12-31	
2000000628	2000000628	Maps to	1970-01-01	2099-12-31	
2000000629	2000000629	Maps to	1970-01-01	2099-12-31	
2000000630	2000000630	Maps to	1970-01-01	2099-12-31	
2000000631	2000000631	Maps to	1970-01-01	2099-12-31	
2000000632	2000000632	Maps to	1970-01-01	2099-12-31	
2000000633	2000000633	Maps to	1970-01-01	2099-12-31	
2000000634	2000000634	Maps to	1970-01-01	2099-12-31	
2000000635	2000000635	Mapped from	1970-01-01	2099-12-31	
2000000636	2000000636	Mapped from	1970-01-01	2099-12-31	
2000000637	2000000637	Mapped from	1970-01-01	2099-12-31	
2000000638	2000000638	Mapped from	1970-01-01	2099-12-31	
2000000639	2000000639	Mapped from	1970-01-01	2099-12-31	
2000000640	2000000640	Mapped from	1970-01-01	2099-12-31	
2000000641	2000000641	Mapped from	1970-01-01	2099-12-31	
2000000642	2000000642	Mapped from	1970-01-01	2099-12-31	
2000000643	2000000643	Mapped from	1970-01-01	2099-12-31	
2000000644	2000000644	Mapped from	1970-01-01	2099-12-31	
2000000645	2000000645	Mapped from	1970-01-01	2099-12-31	
2000000646	2000000646	Mapped from	1970-01-01	2099-12-31	
2000000647	2000000647	Mapped from	1970-01-01	2099-12-31	
2000000648	2000000648	Mapped from	1970-01-01	2099-12-31	
2000000649	2000000649	Mapped from	1970-01-01	2099-12-31	
2000000650	2000000650	Mapped from	1970-01-01	2099-12-31	
2000000651	2000000651	Mapped from	1970-01-01	2099-12-31	
2000000652	2000000652	Mapped from	1970-01-01	2099-12-31	
2000000653	2000000653	Mapped from	1970-01-01	2099-12-31	
2000000654	2000000654	Mapped from	1970-01-01	2099-12-31	
2000000655	2000000655	Mapped from	1970-01-01	2099-12-31	
2000000656	2000000656	Mapped from	1970-01-01	2099-12-31	
2000000657	2000000657	Mapped from	1970-01-01	2099-12-31	
2000000658	2000000658	Mapped from	1970-01-01	2099-12-31	
2000000659	2000000659	Mapped from	1970-01-01	2099-12-31	
2000000660	2000000660	Mapped from	1970-01-01	2099-12-31	
2000000661	2000000661	Mapped from	1970-01-01	2099-12-31	
2000000662	2000000662	Mapped from	1970-01-01	2099-12-31	
2000000663	2000000663	Mapped from	1970-01-01	2099-12-31	
2000000664	2000000664	Mapped from	1970-01-01	2099-12-31	
2000000665	2000000665	Mapped from	1970-01-01	2099-12-31	
2000000666	2000000666	Mapped from	1970-01-01	2099-12-31	
2000000667	2000000667	Mapped from	1970-01-01	2099-12-31	
2000000668	2000000668	Mapped from	1970-01-01	2099-12-31	
2000000669	2000000669	Mapped from	1970-01-01	2099-12-31	
2000000670	2000000670	Mapped from	1970-01-01	2099-12-31	
2000000671	2000000671	Mapped from	1970-01-01	2099-12-31	
2000000672	2000000672	Mapped from	1970-01-01	2099-12-31	
2000000673	2000000673	Mapped from	1970-01-01	2099-12-31	
2000000674	2000000674	Mapped from	1970-01-01	2099-12-31	
2000000675	2000000675	Mapped from	1970-01-01	2099-12-31	
2000000676	2000000676	Mapped from	1970-01-01	2099-12-31	
2000000677	2000000677	Mapped from	1970-01-01	2099-12-31	
2000000678	2000000678	Mapped from	1970-01-01	2099-12-31	
2000000679	2000000679	Mapped from	1970-01-01	2099-12-31	
2000000680	2000000680	Mapped from	1970-01-01	2099-12-31	
2000000681	2000000681	Mapped from	1970-01-01	2099-12-31	
2000000682	2000000682	Mapped from	1970-01-01	2099-12-31	
2000000683	2000000683	Mapped from	1970-01-01	2099-12-31	
2000000684	2000000684	Mapped from	1970-01-01	2099-12-31	
2000000685	2000000685	Mapped from	1970-01-01	2099-12-31	
2000000686	2000000686	Mapped from	1970-01-01	2099-12-31	
2000000687	2000000687	Mapped from	1970-01-01	2099-12-31	
2000000688	2000000688	Mapped from	1970-01-01	2099-12-31	
2000000689	2000000689	Mapped from	1970-01-01	2099-12-31	
2000000690	2000000690	Mapped from	1970-01-01	2099-12-31	
2000000691	2000000691	Mapped from	1970-01-01	2099-12-31	
2000000692	2000000692	Mapped from	1970-01-01	2099-12-31	
2000000693	2000000693	Mapped from	1970-01-01	2099-12-31	
2000000694	2000000694	Mapped from	1970-01-01	2099-12-31	
2000000695	2000000695	Mapped from	1970-01-01	2099-12-31	
2000000696	2000000696	Mapped from	1970-01-01	2099-12-31	
2000000697	2000000697	Mapped from	1970-01-01	2099-12-31	
2000000635	2000000635	Maps to	1970-01-01	2099-12-31	
2000000636	2000000636	Maps to	1970-01-01	2099-12-31	
2000000637	2000000637	Maps to	1970-01-01	2099-12-31	
2000000638	2000000638	Maps to	1970-01-01	2099-12-31	
2000000639	2000000639	Maps to	1970-01-01	2099-12-31	
2000000640	2000000640	Maps to	1970-01-01	2099-12-31	
2000000641	2000000641	Maps to	1970-01-01	2099-12-31	
2000000642	2000000642	Maps to	1970-01-01	2099-12-31	
2000000643	2000000643	Maps to	1970-01-01	2099-12-31	
2000000644	2000000644	Maps to	1970-01-01	2099-12-31	
2000000645	2000000645	Maps to	1970-01-01	2099-12-31	
2000000646	2000000646	Maps to	1970-01-01	2099-12-31	
2000000647	2000000647	Maps to	1970-01-01	2099-12-31	
2000000648	2000000648	Maps to	1970-01-01	2099-12-31	
2000000649	2000000649	Maps to	1970-01-01	2099-12-31	
2000000650	2000000650	Maps to	1970-01-01	2099-12-31	
2000000651	2000000651	Maps to	1970-01-01	2099-12-31	
2000000652	2000000652	Maps to	1970-01-01	2099-12-31	
2000000653	2000000653	Maps to	1970-01-01	2099-12-31	
2000000654	2000000654	Maps to	1970-01-01	2099-12-31	
2000000655	2000000655	Maps to	1970-01-01	2099-12-31	
2000000656	2000000656	Maps to	1970-01-01	2099-12-31	
2000000657	2000000657	Maps to	1970-01-01	2099-12-31	
2000000658	2000000658	Maps to	1970-01-01	2099-12-31	
2000000659	2000000659	Maps to	1970-01-01	2099-12-31	
2000000660	2000000660	Maps to	1970-01-01	2099-12-31	
2000000661	2000000661	Maps to	1970-01-01	2099-12-31	
2000000662	2000000662	Maps to	1970-01-01	2099-12-31	
2000000663	2000000663	Maps to	1970-01-01	2099-12-31	
2000000664	2000000664	Maps to	1970-01-01	2099-12-31	
2000000665	2000000665	Maps to	1970-01-01	2099-12-31	
2000000666	2000000666	Maps to	1970-01-01	2099-12-31	
2000000667	2000000667	Maps to	1970-01-01	2099-12-31	
2000000668	2000000668	Maps to	1970-01-01	2099-12-31	
2000000669	2000000669	Maps to	1970-01-01	2099-12-31	
2000000670	2000000670	Maps to	1970-01-01	2099-12-31	
2000000671	2000000671	Maps to	1970-01-01	2099-12-31	
2000000672	2000000672	Maps to	1970-01-01	2099-12-31	
2000000673	2000000673	Maps to	1970-01-01	2099-12-31	
2000000674	2000000674	Maps to	1970-01-01	2099-12-31	
2000000675	2000000675	Maps to	1970-01-01	2099-12-31	
2000000676	2000000676	Maps to	1970-01-01	2099-12-31	
2000000677	2000000677	Maps to	1970-01-01	2099-12-31	
2000000678	2000000678	Maps to	1970-01-01	2099-12-31	
2000000679	2000000679	Maps to	1970-01-01	2099-12-31	
2000000680	2000000680	Maps to	1970-01-01	2099-12-31	
2000000681	2000000681	Maps to	1970-01-01	2099-12-31	
2000000682	2000000682	Maps to	1970-01-01	2099-12-31	
2000000683	2000000683	Maps to	1970-01-01	2099-12-31	
2000000684	2000000684	Maps to	1970-01-01	2099-12-31	
2000000685	2000000685	Maps to	1970-01-01	2099-12-31	
2000000686	2000000686	Maps to	1970-01-01	2099-12-31	
2000000687	2000000687	Maps to	1970-01-01	2099-12-31	
2000000688	2000000688	Maps to	1970-01-01	2099-12-31	
2000000689	2000000689	Maps to	1970-01-01	2099-12-31	
2000000690	2000000690	Maps to	1970-01-01	2099-12-31	
2000000691	2000000691	Maps to	1970-01-01	2099-12-31	
2000000692	2000000692	Maps to	1970-01-01	2099-12-31	
2000000693	2000000693	Maps to	1970-01-01	2099-12-31	
2000000694	2000000694	Maps to	1970-01-01	2099-12-31	
2000000695	2000000695	Maps to	1970-01-01	2099-12-31	
2000000696	2000000696	Maps to	1970-01-01	2099-12-31	
2000000697	2000000697	Maps to	1970-01-01	2099-12-31	
2000000698	2000000698	Maps to	1970-01-01	2099-12-31	
2000000699	2000000699	Maps to	1970-01-01	2099-12-31	
2000000698	2000000698	Mapped from	1970-01-01	2099-12-31	
2000000699	2000000699	Mapped from	1970-01-01	2099-12-31	
2000000700	2000000700	Maps to	1970-01-01	2099-12-31	
2000000701	2000000701	Maps to	1970-01-01	2099-12-31	
2000000700	2000000700	Mapped from	1970-01-01	2099-12-31	
2000000701	2000000701	Mapped from	1970-01-01	2099-12-31	
